Score,Class,TP,TP+FP,Precision-score,Average,
0.644,1,1,1,1,0.55516,0.7
0.633,1,2,2,1,0.55226,0.68
0.628,1,3,3,1,0.54956,0.68
0.624,0,3,4,0.75,0.54684,0.66
0.624,1,4,5,0.8,0.5442,0.68
0.617,1,5,6,0.8333333333,0.54154,0.68
0.617,1,6,7,0.8571428571,0.53902,0.66
0.608,0,6,8,0.75,0.53648,0.66
0.607,1,7,9,0.7777777778,0.53412,0.66
0.605,1,8,10,0.8,0.53176,0.66
0.596,1,9,11,0.8181818182,0.5294,0.66
0.595,1,10,12,0.8333333333,0.5272,0.66
0.594,1,11,13,0.8461538462,0.52502,0.66
0.593,0,11,14,0.7857142857,0.52284,0.66
0.587,0,11,15,0.7333333333,0.52064,0.68
0.584,1,12,16,0.75,0.51856,0.7
0.577,1,13,17,0.7647058824,0.51652,0.7
0.575,0,13,18,0.7222222222,0.5146,0.7
0.57,1,14,19,0.7368421053,0.5127,0.7
0.561,0,14,20,0.7,0.51084,0.7
0.56,1,15,21,0.7142857143,0.50912,0.7
0.548,1,16,22,0.7272727273,0.50738,0.7
0.547,0,16,23,0.6956521739,0.50588,0.7
0.546,1,17,24,0.7083333333,0.5043,0.7
0.545,1,18,25,0.72,0.5027,0.7
0.543,1,19,26,0.7307692308,0.5011,0.68
0.54,1,20,27,0.7407407407,0.49946,0.66
0.539,1,21,28,0.75,0.49786,0.64
0.536,0,21,29,0.724137931,0.49628,0.62
0.536,1,22,30,0.7333333333,0.4947,0.62
0.536,1,23,31,0.7419354839,0.49312,0.62
0.536,1,24,32,0.75,0.49154,0.6
0.534,0,24,33,0.7272727273,0.48994,0.6
0.529,0,24,34,0.7058823529,0.48834,0.62
0.525,0,24,35,0.6857142857,0.4868,0.62
0.524,0,24,36,0.6666666667,0.48532,0.62
0.524,1,25,37,0.6756756757,0.4838,0.62
0.522,1,26,38,0.6842105263,0.48228,0.6
0.515,1,27,39,0.6923076923,0.48078,0.58
0.508,0,27,40,0.675,0.47942,0.56
0.506,1,28,41,0.6829268293,0.47818,0.58
0.505,1,29,42,0.6904761905,0.47694,0.56
0.505,1,30,43,0.6976744186,0.47572,0.56
0.504,1,31,44,0.7045454545,0.4745,0.56
0.504,0,31,45,0.6888888889,0.47328,0.56
0.503,0,31,46,0.6739130435,0.47206,0.58
0.501,1,32,47,0.6808510638,0.47084,0.58
0.5,1,33,48,0.6875,0.46966,0.58
0.499,1,34,49,0.693877551,0.46848,0.56
0.499,1,35,50,0.7,0.46732,0.54
0.499,0,35,51,0.6862745098,0.46616,0.52
0.498,1,36,52,0.6923076923,0.46498,0.54
0.492,0,36,53,0.679245283,0.46382,0.54
0.492,1,37,54,0.6851851852,0.46278,0.54
0.491,1,38,55,0.6909090909,0.46174,0.54
0.491,0,38,56,0.6785714286,0.46068,0.54
0.49,1,39,57,0.6842105263,0.45962,0.54
0.49,0,39,58,0.6724137931,0.45856,0.54
0.489,1,40,59,0.6779661017,0.45748,0.54
0.487,1,41,60,0.6833333333,0.45638,0.52
0.486,1,42,61,0.6885245902,0.4553,0.5
0.486,1,43,62,0.6935483871,0.45422,0.48
0.485,1,44,63,0.6984126984,0.45312,0.48
0.483,1,45,64,0.703125,0.45202,0.46
0.483,1,46,65,0.7076923077,0.4509,0.46
0.482,1,47,66,0.7121212121,0.44976,0.44
0.481,1,48,67,0.7164179104,0.44862,0.44
0.48,0,48,68,0.7058823529,0.44748,0.44
0.477,1,49,69,0.7101449275,0.44636,0.44
0.475,0,49,70,0.7,0.44528,0.42
0.473,1,50,71,0.7042253521,0.44422,0.44
0.473,1,51,72,0.7083333333,0.4432,0.42
0.468,0,51,73,0.698630137,0.44218,0.42
0.466,1,52,74,0.7027027027,0.44124,0.44
0.465,0,52,75,0.6933333333,0.44032,0.42
0.461,0,52,76,0.6842105263,0.4394,0.44
0.46,0,52,77,0.6753246753,0.43856,0.44
0.46,0,52,78,0.6666666667,0.43772,0.44
0.457,0,52,79,0.6582278481,0.43682,0.44
0.457,1,53,80,0.6625,0.43596,0.46
0.457,0,53,81,0.6543209877,0.4351,0.46
0.456,1,54,82,0.6585365854,0.43418,0.46
0.454,1,55,83,0.6626506024,0.43328,0.44
0.452,0,55,84,0.6547619048,0.4324,0.42
0.451,0,55,85,0.6470588235,0.43156,0.42
0.448,0,55,86,0.6395348837,0.4307,0.42
0.448,0,55,87,0.632183908,0.42988,0.42
0.447,0,55,88,0.625,0.42896,0.42
0.447,0,55,89,0.6179775281,0.42804,0.44
0.446,1,56,90,0.6222222222,0.42708,0.46
0.444,0,56,91,0.6153846154,0.4261,0.44
0.444,1,57,92,0.6195652174,0.42514,0.46
0.444,1,58,93,0.623655914,0.42416,0.46
0.443,1,59,94,0.6276595745,0.42316,0.44
0.443,1,60,95,0.6315789474,0.42216,0.44
0.442,0,60,96,0.625,0.42116,0.42
0.442,1,61,97,0.6288659794,0.42018,0.42
0.441,0,61,98,0.6224489796,0.41918,0.42
0.441,0,61,99,0.6161616162,0.41816,0.42
0.441,0,61,100,0.61,0.41714,0.42
0.44,1,62,101,0.6138613861,0.4161,0.42
0.44,1,63,102,0.6176470588,0.41508,0.4
0.44,0,63,103,0.6116504854,0.41404,0.38
0.44,1,64,104,0.6153846154,0.413,0.4
0.438,1,65,105,0.619047619,0.41196,0.4
0.438,0,65,106,0.6132075472,0.41096,0.38
0.437,1,66,107,0.6168224299,0.40994,0.38
0.436,0,66,108,0.6111111111,0.4089,0.36
0.434,0,66,109,0.6055045872,0.40786,0.38
0.433,0,66,110,0.6,0.40686,0.4
0.432,0,66,111,0.5945945946,0.40582,0.4
0.431,1,67,112,0.5982142857,0.4048,0.4
0.43,0,67,113,0.592920354,0.40378,0.4
0.427,1,68,114,0.5964912281,0.40276,0.4
0.426,0,68,115,0.5913043478,0.40178,0.38
0.425,1,69,116,0.5948275862,0.40082,0.38
0.424,1,70,117,0.5982905983,0.39984,0.36
0.424,0,70,118,0.593220339,0.39888,0.36
0.423,0,70,119,0.5882352941,0.3979,0.38
0.422,1,71,120,0.5916666667,0.39694,0.4
0.422,0,71,121,0.5867768595,0.39598,0.38
0.422,1,72,122,0.5901639344,0.395,0.38
0.421,1,73,123,0.593495935,0.39402,0.38
0.42,0,73,124,0.5887096774,0.39302,0.38
0.419,1,74,125,0.592,0.39204,0.38
0.419,0,74,126,0.5873015873,0.39108,0.36
0.418,0,74,127,0.5826771654,0.3901,0.36
0.415,0,74,128,0.578125,0.3891,0.36
0.414,1,75,129,0.5813953488,0.38816,0.38
0.414,1,76,130,0.5846153846,0.38724,0.38
0.411,0,76,131,0.5801526718,0.38632,0.38
0.411,0,76,132,0.5757575758,0.38544,0.4
0.41,0,76,133,0.5714285714,0.3845,0.4
0.41,0,76,134,0.5671641791,0.38358,0.42
0.408,0,76,135,0.562962963,0.38266,0.44
0.407,0,76,136,0.5588235294,0.38178,0.44
0.402,0,76,137,0.5547445255,0.3809,0.44
0.401,1,77,138,0.5579710145,0.38012,0.44
0.399,1,78,139,0.5611510791,0.37936,0.42
0.397,0,78,140,0.5571428571,0.3786,0.4
0.396,1,79,141,0.5602836879,0.37786,0.42
0.395,1,80,142,0.5633802817,0.37714,0.4
0.394,0,80,143,0.5594405594,0.37644,0.38
0.393,1,81,144,0.5625,0.37576,0.38
0.393,0,81,145,0.5586206897,0.3751,0.38
0.393,0,81,146,0.5547945205,0.37444,0.38
0.392,1,82,147,0.5578231293,0.37376,0.38
0.39,0,82,148,0.5540540541,0.3731,0.38
0.39,0,82,149,0.5503355705,0.37246,0.38
0.389,0,82,150,0.5466666667,0.3718,0.38
0.389,0,82,151,0.5430463576,0.37114,0.38
0.388,0,82,152,0.5394736842,0.37046,0.4
0.388,1,83,153,0.5424836601,0.3698,0.4
0.388,1,84,154,0.5454545455,0.36912,0.38
0.388,0,84,155,0.5419354839,0.36842,0.36
0.387,0,84,156,0.5384615385,0.36772,0.36
0.385,0,84,157,0.5350318471,0.36702,0.36
0.384,1,85,158,0.5379746835,0.36636,0.36
0.384,1,86,159,0.5408805031,0.3657,0.36
0.381,0,86,160,0.5375,0.36504,0.34
0.381,0,86,161,0.5341614907,0.36442,0.34
0.38,1,87,162,0.537037037,0.3638,0.34
0.379,0,87,163,0.5337423313,0.36318,0.34
0.378,0,87,164,0.5304878049,0.36258,0.34
0.378,0,87,165,0.5272727273,0.362,0.34
0.376,0,87,166,0.5240963855,0.3614,0.34
0.376,1,88,167,0.5269461078,0.36082,0.34
0.375,1,89,168,0.5297619048,0.36022,0.32
0.375,1,90,169,0.5325443787,0.35964,0.3
0.374,0,90,170,0.5294117647,0.35906,0.3
0.373,0,90,171,0.5263157895,0.35848,0.3
0.373,1,91,172,0.5290697674,0.35792,0.3
0.371,1,92,173,0.5317919075,0.35736,0.28
0.371,0,92,174,0.5287356322,0.3568,0.28
0.371,0,92,175,0.5257142857,0.35622,0.3
0.37,0,92,176,0.5227272727,0.35564,0.3
0.368,0,92,177,0.5197740113,0.35506,0.32
0.368,1,93,178,0.5224719101,0.35452,0.32
0.368,1,94,179,0.5251396648,0.35394,0.3
0.368,1,95,180,0.5277777778,0.35336,0.28
0.367,1,96,181,0.5303867403,0.35276,0.26
0.364,0,96,182,0.5274725275,0.35218,0.24
0.364,1,97,183,0.5300546448,0.35164,0.26
0.364,1,98,184,0.5326086957,0.35108,0.26
0.364,0,98,185,0.5297297297,0.35052,0.26
0.363,0,98,186,0.5268817204,0.34994,0.26
0.363,0,98,187,0.5240641711,0.34938,0.26
0.363,0,98,188,0.5212765957,0.34882,0.26
0.361,0,98,189,0.5185185185,0.34826,0.26
0.36,1,99,190,0.5210526316,0.3477,0.26
0.36,0,99,191,0.5183246073,0.34714,0.24
0.36,0,99,192,0.515625,0.34658,0.24
0.36,0,99,193,0.5129533679,0.346,0.24
0.36,1,100,194,0.5154639175,0.34542,0.24
0.36,0,100,195,0.5128205128,0.34482,0.22
0.359,0,100,196,0.5102040816,0.3442,0.22
0.359,1,101,197,0.5126903553,0.3436,0.22
0.358,0,101,198,0.5101010101,0.343,0.2
0.357,0,101,199,0.5075376884,0.34242,0.2
0.356,0,101,200,0.505,0.34184,0.2
0.355,1,102,201,0.5074626866,0.34128,0.2
0.355,0,102,202,0.504950495,0.34074,0.18
0.354,0,102,203,0.5024630542,0.3402,0.18
0.353,0,102,204,0.5,0.33966,0.18
0.353,0,102,205,0.4975609756,0.33914,0.18
0.352,0,102,206,0.4951456311,0.33862,0.18
0.352,0,102,207,0.4927536232,0.33812,0.18
0.351,1,103,208,0.4951923077,0.3376,0.2
0.351,0,103,209,0.4928229665,0.3371,0.18
0.35,0,103,210,0.4904761905,0.33658,0.18
0.35,0,103,211,0.4881516588,0.33608,0.18
0.349,1,104,212,0.4905660377,0.33558,0.18
0.349,0,104,213,0.4882629108,0.33506,0.16
0.349,0,104,214,0.4859813084,0.33454,0.16
0.348,0,104,215,0.4837209302,0.334,0.18
0.347,0,104,216,0.4814814815,0.33346,0.18
0.346,0,104,217,0.4792626728,0.33292,0.18
0.346,0,104,218,0.4770642202,0.3324,0.2
0.346,1,105,219,0.4794520548,0.33188,0.2
0.345,0,105,220,0.4772727273,0.33136,0.18
0.345,0,105,221,0.4751131222,0.33084,0.18
0.345,0,105,222,0.472972973,0.33032,0.18
0.343,1,106,223,0.4753363229,0.32978,0.18
0.342,1,107,224,0.4776785714,0.32926,0.18
0.342,0,107,225,0.4755555556,0.32876,0.16
0.341,1,108,226,0.4778761062,0.32822,0.16
0.341,0,108,227,0.4757709251,0.3277,0.14
0.339,0,108,228,0.4736842105,0.32718,0.14
0.339,0,108,229,0.4716157205,0.32666,0.14
0.338,0,108,230,0.4695652174,0.32614,0.14
0.338,0,108,231,0.4675324675,0.32562,0.14
0.337,1,109,232,0.4698275862,0.3251,0.14
0.336,1,110,233,0.4721030043,0.3246,0.12
0.336,1,111,234,0.4743589744,0.3241,0.1
0.335,0,111,235,0.4723404255,0.3236,0.08
0.335,0,111,236,0.4703389831,0.3231,0.08
0.335,0,111,237,0.4683544304,0.32256,0.1
0.335,0,111,238,0.4663865546,0.32198,0.1
0.333,0,111,239,0.4644351464,0.3214,0.1
0.332,0,111,240,0.4625,0.32086,0.1
0.332,0,111,241,0.4605809129,0.32032,0.12
0.331,0,111,242,0.458677686,0.31978,0.12
0.331,0,111,243,0.4567901235,0.31926,0.12
0.33,0,111,244,0.4549180328,0.31874,0.12
0.329,0,111,245,0.4530612245,0.31822,0.12
0.329,0,111,246,0.4512195122,0.31772,0.12
0.329,0,111,247,0.4493927126,0.31722,0.12
0.329,0,111,248,0.4475806452,0.31672,0.12
0.328,0,111,249,0.4457831325,0.31622,0.12
0.328,0,111,250,0.444,0.31572,0.12
0.328,0,111,251,0.4422310757,0.31522,0.12
0.328,0,111,252,0.4404761905,0.3147,0.12
0.327,0,111,253,0.4387351779,0.31418,0.12
0.327,0,111,254,0.437007874,0.31368,0.12
0.327,0,111,255,0.4352941176,0.31316,0.12
0.327,0,111,256,0.43359375,0.31264,0.12
0.326,1,112,257,0.4357976654,0.3121,0.14
0.326,0,112,258,0.4341085271,0.31158,0.12
0.325,0,112,259,0.4324324324,0.31106,0.12
0.325,0,112,260,0.4307692308,0.31054,0.12
0.325,0,112,261,0.4291187739,0.31,0.12
0.323,0,112,262,0.427480916,0.30946,0.12
0.323,0,112,263,0.4258555133,0.30894,0.12
0.322,1,113,264,0.428030303,0.30842,0.12
0.321,0,113,265,0.4264150943,0.3079,0.1
0.32,0,113,266,0.4248120301,0.3074,0.1
0.32,1,114,267,0.4269662921,0.3069,0.1
0.32,0,114,268,0.4253731343,0.3064,0.08
0.32,0,114,269,0.4237918216,0.3059,0.08
0.319,0,114,270,0.4222222222,0.30538,0.08
0.319,0,114,271,0.4206642066,0.30488,0.08
0.318,0,114,272,0.4191176471,0.30438,0.08
0.317,1,115,273,0.4212454212,0.3039,0.1
0.317,0,115,274,0.4197080292,0.30342,0.08
0.315,0,115,275,0.4181818182,0.30292,0.08
0.315,0,115,276,0.4166666667,0.30244,0.08
0.315,0,115,277,0.4151624549,0.30196,0.08
0.313,0,115,278,0.4136690647,0.30146,0.08
0.313,0,115,279,0.4121863799,0.30098,0.08
0.312,0,115,280,0.4107142857,0.30048,0.08
0.312,0,115,281,0.409252669,0.3,0.08
0.312,0,115,282,0.4078014184,0.29952,0.08
0.311,0,115,283,0.406360424,0.29902,0.08
0.311,0,115,284,0.4049295775,0.29852,0.08
0.31,0,115,285,0.4035087719,0.29802,0.08
0.308,1,116,286,0.4055944056,0.29752,0.1
0.306,0,116,287,0.4041811847,0.29704,0.08
0.306,0,116,288,0.4027777778,0.2966,0.08
0.306,0,116,289,0.401384083,0.29614,0.08
0.305,1,117,290,0.4034482759,0.29568,0.08
0.305,0,117,291,0.4020618557,0.29524,0.06
0.305,0,117,292,0.4006849315,0.2948,0.08
0.305,0,117,293,0.3993174061,0.29436,0.08
0.304,0,117,294,0.3979591837,0.29388,0.08
0.304,0,117,295,0.3966101695,0.29342,0.08
0.304,0,117,296,0.3952702703,0.29296,0.08
0.304,0,117,297,0.3939393939,0.2925,0.08
0.304,0,117,298,0.3926174497,0.29202,0.08
0.303,0,117,299,0.3913043478,0.29154,0.08
0.303,0,117,300,0.39,0.29106,0.08
0.302,0,117,301,0.3887043189,0.29056,0.1
0.302,0,117,302,0.3874172185,0.29008,0.12
0.302,0,117,303,0.3861386139,0.2896,0.12
0.301,0,117,304,0.3848684211,0.2891,0.14
0.301,0,117,305,0.3836065574,0.28862,0.14
0.3,1,118,306,0.385620915,0.28814,0.14
0.3,0,118,307,0.3843648208,0.28768,0.12
0.3,0,118,308,0.3831168831,0.2872,0.12
0.299,0,118,309,0.3818770227,0.28672,0.12
0.298,0,118,310,0.3806451613,0.28624,0.12
0.298,0,118,311,0.3794212219,0.28574,0.12
0.297,0,118,312,0.3782051282,0.28524,0.12
0.297,0,118,313,0.3769968051,0.28474,0.12
0.296,0,118,314,0.3757961783,0.28424,0.14
0.296,0,118,315,0.3746031746,0.28376,0.14
0.295,0,118,316,0.3734177215,0.28328,0.14
0.295,0,118,317,0.3722397476,0.28282,0.14
0.295,0,118,318,0.3710691824,0.28234,0.14
0.294,0,118,319,0.3699059561,0.28184,0.14
0.294,0,118,320,0.36875,0.28136,0.14
0.294,0,118,321,0.3676012461,0.28086,0.14
0.294,1,119,322,0.3695652174,0.28036,0.14
0.293,0,119,323,0.3684210526,0.27984,0.12
0.292,0,119,324,0.3672839506,0.27934,0.12
0.291,0,119,325,0.3661538462,0.27886,0.12
0.291,0,119,326,0.3650306748,0.2784,0.14
0.29,0,119,327,0.3639143731,0.2779,0.14
0.289,0,119,328,0.362804878,0.27742,0.16
0.288,0,119,329,0.3617021277,0.27696,0.16
0.288,0,119,330,0.3606060606,0.2765,0.16
0.288,0,119,331,0.3595166163,0.27604,0.18
0.287,0,119,332,0.3584337349,0.27556,0.18
0.286,0,119,333,0.3573573574,0.2751,0.18
0.286,0,119,334,0.3562874251,0.27464,0.2
0.285,1,120,335,0.3582089552,0.27418,0.2
0.284,0,120,336,0.3571428571,0.27374,0.18
0.284,0,120,337,0.3560830861,0.2733,0.18
0.283,0,120,338,0.3550295858,0.27286,0.18
0.283,0,120,339,0.3539823009,0.27242,0.18
0.283,0,120,340,0.3529411765,0.27198,0.18
0.283,1,121,341,0.3548387097,0.27152,0.18
0.283,0,121,342,0.3538011696,0.27104,0.16
0.281,0,121,343,0.3527696793,0.27056,0.16
0.281,0,121,344,0.351744186,0.27012,0.16
0.281,0,121,345,0.3507246377,0.26966,0.16
0.281,0,121,346,0.3497109827,0.2692,0.16
0.28,0,121,347,0.34870317,0.26872,0.16
0.28,0,121,348,0.3477011494,0.26826,0.16
0.279,0,121,349,0.3467048711,0.2678,0.16
0.278,1,122,350,0.3485714286,0.26734,0.16
0.278,1,123,351,0.3504273504,0.2669,0.14
0.278,0,123,352,0.3494318182,0.26644,0.12
0.277,1,124,353,0.3512747875,0.26598,0.12
0.277,0,124,354,0.3502824859,0.26554,0.1
0.277,0,124,355,0.3492957746,0.26508,0.1
0.277,0,124,356,0.3483146067,0.2646,0.1
0.276,0,124,357,0.3473389356,0.26412,0.1
0.276,0,124,358,0.3463687151,0.26366,0.1
0.275,0,124,359,0.3454038997,0.26318,0.1
0.273,0,124,360,0.3444444444,0.26272,0.1
0.273,0,124,361,0.3434903047,0.2623,0.1
0.272,0,124,362,0.3425414365,0.26186,0.1
0.272,1,125,363,0.3443526171,0.26144,0.1
0.272,0,125,364,0.3434065934,0.26102,0.08
0.272,0,125,365,0.3424657534,0.26058,0.08
0.272,0,125,366,0.3415300546,0.26014,0.08
0.271,0,125,367,0.340599455,0.25968,0.08
0.27,0,125,368,0.339673913,0.25924,0.08
0.27,0,125,369,0.3387533875,0.2588,0.08
0.269,0,125,370,0.3378378378,0.25836,0.08
0.269,0,125,371,0.3369272237,0.25792,0.1
0.268,0,125,372,0.3360215054,0.25746,0.1
0.268,0,125,373,0.3351206434,0.257,0.1
0.268,0,125,374,0.3342245989,0.25654,0.12
0.268,1,126,375,0.336,0.25608,0.12
0.266,0,126,376,0.335106383,0.25558,0.1
0.266,1,127,377,0.3368700265,0.25512,0.1
0.266,0,127,378,0.335978836,0.25466,0.08
0.265,0,127,379,0.3350923483,0.25418,0.08
0.265,1,128,380,0.3368421053,0.25372,0.08
0.264,0,128,381,0.3359580052,0.25324,0.06
0.264,0,128,382,0.335078534,0.25274,0.06
0.263,1,129,383,0.3368146214,0.25224,0.06
0.263,0,129,384,0.3359375,0.25174,0.04
0.263,0,129,385,0.3350649351,0.25124,0.04
0.262,0,129,386,0.3341968912,0.25074,0.04
0.262,0,129,387,0.3333333333,0.25026,0.04
0.261,0,129,388,0.3324742268,0.24978,0.04
0.261,0,129,389,0.3316195373,0.24928,0.04
0.26,0,129,390,0.3307692308,0.24878,0.04
0.259,0,129,391,0.3299232737,0.24826,0.04
0.259,0,129,392,0.3290816327,0.24776,0.04
0.259,0,129,393,0.3282442748,0.24724,0.04
0.258,0,129,394,0.3274111675,0.24672,0.04
0.258,0,129,395,0.3265822785,0.2462,0.04
0.257,0,129,396,0.3257575758,0.24566,0.04
0.257,0,129,397,0.3249370277,0.24512,0.04
0.257,0,129,398,0.324120603,0.24456,0.04
0.256,0,129,399,0.3233082707,0.244,0.04
0.256,0,129,400,0.3225,0.24344,0.04
0.255,0,129,401,0.3216957606,0.24286,0.04
0.255,0,129,402,0.3208955224,0.2423,0.04
0.255,0,129,403,0.3200992556,0.24174,0.04
0.254,0,129,404,0.3193069307,0.24118,0.04
0.253,0,129,405,0.3185185185,0.24064,0.04
0.253,0,129,406,0.3177339901,0.24012,0.04
0.253,0,129,407,0.316953317,0.23958,0.04
0.252,0,129,408,0.3161764706,0.23904,0.04
0.252,0,129,409,0.315403423,0.23848,0.04
0.252,0,129,410,0.3146341463,0.23792,0.04
0.251,0,129,411,0.3138686131,0.23736,0.04
0.251,0,129,412,0.3131067961,0.23682,0.04
0.251,0,129,413,0.3123486683,0.23628,0.04
0.25,0,129,414,0.3115942029,0.23572,0.04
0.25,0,129,415,0.3108433735,0.23518,0.04
0.249,0,129,416,0.3100961538,0.23462,0.04
0.249,0,129,417,0.309352518,0.23408,0.04
0.248,0,129,418,0.3086124402,0.23352,0.04
0.248,0,129,419,0.307875895,0.23298,0.04
0.247,1,130,420,0.3095238095,0.23244,0.04
0.246,0,130,421,0.3087885986,0.2319,0.02
0.245,0,130,422,0.308056872,0.23138,0.04
0.245,1,131,423,0.3096926714,0.23088,0.04
0.245,0,131,424,0.3089622642,0.23036,0.02
0.243,0,131,425,0.3082352941,0.22984,0.02
0.243,0,131,426,0.3075117371,0.22936,0.02
0.243,0,131,427,0.3067915691,0.22888,0.02
0.242,0,131,428,0.3060747664,0.2284,0.02
0.242,0,131,429,0.3053613054,0.22792,0.02
0.241,0,131,430,0.3046511628,0.22744,0.02
0.239,0,131,431,0.3039443155,0.22698,0.02
0.239,0,131,432,0.3032407407,0.22654,0.04
0.238,0,131,433,0.3025404157,0.2261,0.04
0.238,0,131,434,0.301843318,0.22568,0.04
0.238,0,131,435,0.3011494253,0.22526,0.04
0.238,0,131,436,0.3004587156,0.22484,0.04
0.238,0,131,437,0.299771167,0.22438,0.04
0.236,0,131,438,0.299086758,0.22392,0.04
0.236,0,131,439,0.298405467,0.2235,0.04
0.234,0,131,440,0.2977272727,0.22308,0.06
0.234,0,131,441,0.2970521542,0.22268,0.06
0.233,0,131,442,0.2963800905,0.22228,0.06
0.233,0,131,443,0.2957110609,0.22188,0.06
0.232,0,131,444,0.295045045,0.22148,0.06
0.231,0,131,445,0.2943820225,0.22108,0.06
0.23,0,131,446,0.2937219731,0.2207,0.06
0.229,0,131,447,0.293064877,0.22032,0.06
0.229,0,131,448,0.2924107143,0.21994,0.06
0.228,0,131,449,0.2917594655,0.21956,0.06
0.227,0,131,450,0.2911111111,0.2192,0.06
0.227,0,131,451,0.2904656319,0.21884,0.06
0.227,0,131,452,0.2898230088,0.21848,0.06
0.227,0,131,453,0.289183223,0.21812,0.06
0.227,0,131,454,0.2885462555,0.21774,0.06
0.227,0,131,455,0.2879120879,0.21736,0.06
0.226,0,131,456,0.2872807018,0.21698,0.06
0.226,0,131,457,0.2866520788,0.2166,0.06
0.224,0,131,458,0.2860262009,0.2162,0.06
0.224,0,131,459,0.2854030501,0.21582,0.06
0.224,0,131,460,0.2847826087,0.21544,0.06
0.224,0,131,461,0.284164859,0.21504,0.06
0.224,0,131,462,0.2835497835,0.21464,0.06
0.223,0,131,463,0.282937365,0.21424,0.06
0.223,0,131,464,0.2823275862,0.21386,0.08
0.222,0,131,465,0.2817204301,0.21346,0.08
0.222,0,131,466,0.2811158798,0.21308,0.08
0.221,0,131,467,0.2805139186,0.2127,0.08
0.221,0,131,468,0.2799145299,0.21234,0.08
0.221,0,131,469,0.2793176972,0.21198,0.08
0.22,0,131,470,0.2787234043,0.2116,0.08
0.22,1,132,471,0.2802547771,0.21122,0.1
0.22,0,132,472,0.2796610169,0.21082,0.08
0.219,0,132,473,0.2790697674,0.21042,0.08
0.219,0,132,474,0.2784810127,0.21004,0.08
0.219,0,132,475,0.2778947368,0.20966,0.08
0.219,0,132,476,0.2773109244,0.20928,0.1
0.219,0,132,477,0.2767295597,0.2089,0.1
0.218,0,132,478,0.2761506276,0.2085,0.1
0.218,0,132,479,0.2755741127,0.2081,0.1
0.218,0,132,480,0.275,0.2077,0.1
0.217,1,133,481,0.2765072765,0.20724,0.1
0.217,0,133,482,0.27593361,0.2068,0.08
0.217,0,133,483,0.2753623188,0.20634,0.08
0.217,0,133,484,0.2747933884,0.20588,0.08
0.217,0,133,485,0.2742268041,0.2054,0.08
0.215,0,133,486,0.2736625514,0.20492,0.08
0.215,0,133,487,0.273100616,0.20446,0.08
0.215,0,133,488,0.2725409836,0.204,0.08
0.215,1,134,489,0.2740286299,0.20352,0.08
0.214,0,134,490,0.2734693878,0.20304,0.06
0.214,0,134,491,0.2729124236,0.20258,0.06
0.213,0,134,492,0.2723577236,0.20212,0.06
0.213,0,134,493,0.2718052738,0.20168,0.06
0.212,0,134,494,0.2712550607,0.20122,0.06
0.212,0,134,495,0.2707070707,0.20078,0.06
0.211,0,134,496,0.2701612903,0.20032,0.06
0.21,0,134,497,0.2696177062,0.19988,0.06
0.21,0,134,498,0.2690763052,0.19946,0.06
0.21,0,134,499,0.2685370741,0.199,0.06
0.209,0,134,500,0.268,0.19854,0.06
0.209,0,134,501,0.2674650699,0.1981,0.06
0.209,0,134,502,0.2669322709,0.19766,0.06
0.208,0,134,503,0.2664015905,0.19718,0.06
0.208,0,134,504,0.2658730159,0.1967,0.06
0.208,0,134,505,0.2653465347,0.19622,0.08
0.207,0,134,506,0.2648221344,0.19572,0.08
0.206,0,134,507,0.2642998028,0.19522,0.08
0.205,0,134,508,0.2637795276,0.19474,0.08
0.205,0,134,509,0.2632612967,0.19428,0.08
0.204,0,134,510,0.262745098,0.1938,0.08
0.204,0,134,511,0.2622309198,0.19332,0.08
0.204,0,134,512,0.26171875,0.19284,0.08
0.204,1,135,513,0.2631578947,0.19234,0.08
0.203,0,135,514,0.2626459144,0.19182,0.06
0.203,0,135,515,0.2621359223,0.19132,0.06
0.203,0,135,516,0.261627907,0.19082,0.06
0.203,0,135,517,0.2611218569,0.19032,0.06
0.203,0,135,518,0.2606177606,0.1898,0.06
0.202,0,135,519,0.2601156069,0.18928,0.06
0.201,1,136,520,0.2615384615,0.18878,0.06
0.2,0,136,521,0.2610364683,0.1883,0.04
0.2,0,136,522,0.2605363985,0.18782,0.04
0.2,0,136,523,0.2600382409,0.18734,0.04
0.2,0,136,524,0.2595419847,0.18684,0.04
0.2,1,137,525,0.260952381,0.18634,0.04
0.2,0,137,526,0.2604562738,0.18582,0.02
0.199,0,137,527,0.2599620493,0.1853,0.02
0.198,0,137,528,0.259469697,0.1848,0.02
0.198,0,137,529,0.258979206,0.18432,0.02
0.195,0,137,530,0.258490566,0.18382,0.02
0.195,0,137,531,0.2580037665,0.18338,0.02
0.194,0,137,532,0.257518797,0.18292,0.02
0.194,0,137,533,0.2570356473,0.18246,0.02
0.193,0,137,534,0.2565543071,0.182,0.02
0.193,0,137,535,0.2560747664,0.18156,0.02
0.192,0,137,536,0.2555970149,0.18112,0.02
0.192,0,137,537,0.2551210428,0.18068,0.02
0.191,0,137,538,0.2546468401,0.18024,0.02
0.191,0,137,539,0.254174397,0.1798,0.02
0.191,0,137,540,0.2537037037,0.17936,0.02
0.191,0,137,541,0.2532347505,0.17892,0.02
0.191,0,137,542,0.2527675277,0.17848,0.02
0.19,0,137,543,0.2523020258,0.17802,0.02
0.19,0,137,544,0.2518382353,0.17758,0.02
0.189,0,137,545,0.2513761468,0.17714,0.02
0.189,0,137,546,0.2509157509,0.17672,0.02
0.189,0,137,547,0.2504570384,0.17628,0.04
0.187,0,137,548,0.25,0.17582,0.04
0.187,0,137,549,0.2495446266,0.17538,0.04
0.187,0,137,550,0.2490909091,0.17494,0.04
0.187,0,137,551,0.2486388385,0.17448,0.04
0.185,0,137,552,0.2481884058,0.17402,0.04
0.184,0,137,553,0.2477396022,0.1736,0.04
0.184,1,138,554,0.2490974729,0.17318,0.04
0.183,0,138,555,0.2486486486,0.17276,0.02
0.182,0,138,556,0.2482014388,0.17234,0.02
0.182,0,138,557,0.2477558348,0.17194,0.02
0.182,0,138,558,0.247311828,0.17154,0.02
0.181,0,138,559,0.2468694097,0.17112,0.02
0.18,0,138,560,0.2464285714,0.17072,0.02
0.18,0,138,561,0.2459893048,0.17034,0.02
0.179,0,138,562,0.2455516014,0.16996,0.02
0.178,0,138,563,0.2451154529,0.1696,0.02
0.178,0,138,564,0.2446808511,0.16926,0.02
0.178,0,138,565,0.2442477876,0.16892,0.02
0.178,0,138,566,0.2438162544,0.16856,0.04
0.177,0,138,567,0.2433862434,0.1682,0.04
0.177,0,138,568,0.2429577465,0.16786,0.04
0.177,0,138,569,0.2425307557,0.1675,0.04
0.177,0,138,570,0.2421052632,0.16714,0.04
0.176,0,138,571,0.2416812609,0.16676,0.04
0.176,0,138,572,0.2412587413,0.16638,0.04
0.175,0,138,573,0.2408376963,0.166,0.04
0.175,0,138,574,0.2404181185,0.16564,0.04
0.174,0,138,575,0.24,0.16528,0.04
0.174,0,138,576,0.2395833333,0.16492,0.04
0.174,0,138,577,0.2391681109,0.16456,0.04
0.174,0,138,578,0.2387543253,0.1642,0.04
0.173,0,138,579,0.2383419689,0.16384,0.06
0.173,0,138,580,0.2379310345,0.16348,0.06
0.172,0,138,581,0.2375215146,0.16312,0.06
0.171,0,138,582,0.2371134021,0.16278,0.06
0.171,0,138,583,0.2367066895,0.16246,0.06
0.171,0,138,584,0.2363013699,0.16214,0.06
0.171,0,138,585,0.2358974359,0.1618,0.08
0.17,0,138,586,0.2354948805,0.16144,0.08
0.17,0,138,587,0.2350936968,0.1611,0.08
0.169,0,138,588,0.2346938776,0.16076,0.08
0.169,0,138,589,0.234295416,0.16044,0.08
0.169,0,138,590,0.2338983051,0.1601,0.08
0.169,0,138,591,0.2335025381,0.15976,0.08
0.168,0,138,592,0.2331081081,0.15942,0.08
0.168,0,138,593,0.2327150084,0.15908,0.08
0.168,0,138,594,0.2323232323,0.15874,0.08
0.168,0,138,595,0.2319327731,0.1584,0.08
0.167,1,139,596,0.2332214765,0.15802,0.08
0.166,0,139,597,0.2328308208,0.15766,0.06
0.165,0,139,598,0.2324414716,0.15732,0.06
0.165,0,139,599,0.2320534224,0.157,0.06
0.164,0,139,600,0.2316666667,0.15668,0.06
0.164,0,139,601,0.231281198,0.15636,0.06
0.164,0,139,602,0.23089701,0.15604,0.06
0.163,0,139,603,0.2305140962,0.15572,0.06
0.163,0,139,604,0.2301324503,0.15542,0.06
0.162,0,139,605,0.2297520661,0.15512,0.06
0.162,0,139,606,0.2293729373,0.15484,0.06
0.162,0,139,607,0.2289950577,0.15454,0.06
0.161,0,139,608,0.2286184211,0.15424,0.06
0.161,0,139,609,0.2282430213,0.15396,0.08
0.161,0,139,610,0.2278688525,0.15368,0.08
0.161,0,139,611,0.2274959083,0.1534,0.08
0.161,0,139,612,0.227124183,0.15312,0.08
0.161,0,139,613,0.2267536705,0.1528,0.08
0.161,0,139,614,0.2263843648,0.15248,0.08
0.16,1,140,615,0.2276422764,0.15216,0.1
0.16,0,140,616,0.2272727273,0.15184,0.08
0.16,0,140,617,0.226904376,0.15152,0.08
0.159,0,140,618,0.2265372168,0.1512,0.08
0.159,0,140,619,0.2261712439,0.1509,0.08
0.158,0,140,620,0.2258064516,0.1506,0.08
0.157,0,140,621,0.2254428341,0.15032,0.08
0.157,0,140,622,0.2250803859,0.15004,0.08
0.157,0,140,623,0.2247191011,0.14976,0.08
0.157,0,140,624,0.2243589744,0.14948,0.08
0.156,0,140,625,0.224,0.1492,0.1
0.156,0,140,626,0.2236421725,0.14894,0.1
0.156,0,140,627,0.2232854864,0.14866,0.1
0.156,1,141,628,0.224522293,0.14838,0.1
0.155,0,141,629,0.2241653418,0.1481,0.08
0.155,0,141,630,0.2238095238,0.14784,0.08
0.155,0,141,631,0.2234548336,0.14758,0.08
0.155,0,141,632,0.2231012658,0.1473,0.08
0.155,0,141,633,0.2227488152,0.14702,0.08
0.154,1,142,634,0.2239747634,0.14674,0.08
0.153,0,142,635,0.2236220472,0.14648,0.06
0.153,0,142,636,0.2232704403,0.14624,0.06
0.153,0,142,637,0.2229199372,0.146,0.06
0.153,0,142,638,0.2225705329,0.14574,0.06
0.152,0,142,639,0.2222222222,0.14548,0.06
0.152,0,142,640,0.221875,0.14522,0.06
0.152,0,142,641,0.2215288612,0.14496,0.06
0.151,0,142,642,0.2211838006,0.1447,0.06
0.151,0,142,643,0.2208398134,0.14446,0.06
0.151,0,142,644,0.2204968944,0.14422,0.06
0.149,0,142,645,0.2201550388,0.14396,0.06
0.149,0,142,646,0.2198142415,0.14374,0.06
0.149,0,142,647,0.2194744977,0.14352,0.06
0.149,0,142,648,0.2191358025,0.1433,0.06
0.149,0,142,649,0.218798151,0.14306,0.06
0.148,0,142,650,0.2184615385,0.14282,0.06
0.148,0,142,651,0.2181259601,0.1426,0.06
0.148,0,142,652,0.217791411,0.14238,0.06
0.148,0,142,653,0.2174578867,0.14214,0.06
0.148,0,142,654,0.2171253823,0.14188,0.06
0.148,0,142,655,0.2167938931,0.14162,0.06
0.147,0,142,656,0.2164634146,0.14136,0.08
0.147,0,142,657,0.2161339422,0.14112,0.08
0.147,1,143,658,0.217325228,0.14088,0.08
0.147,0,143,659,0.2169954476,0.14064,0.06
0.147,0,143,660,0.2166666667,0.14038,0.08
0.147,0,143,661,0.2163388805,0.14012,0.08
0.145,0,143,662,0.2160120846,0.13986,0.08
0.145,0,143,663,0.2156862745,0.13964,0.1
0.145,1,144,664,0.2168674699,0.13942,0.1
0.144,0,144,665,0.2165413534,0.13918,0.08
0.144,0,144,666,0.2162162162,0.13894,0.08
0.144,0,144,667,0.215892054,0.1387,0.08
0.144,0,144,668,0.2155688623,0.13846,0.08
0.144,0,144,669,0.2152466368,0.1382,0.08
0.144,0,144,670,0.2149253731,0.13794,0.08
0.143,0,144,671,0.2146050671,0.13766,0.08
0.143,0,144,672,0.2142857143,0.1374,0.08
0.143,0,144,673,0.2139673105,0.13712,0.08
0.143,1,145,674,0.2151335312,0.13684,0.1
0.143,0,145,675,0.2148148148,0.13656,0.08
0.142,0,145,676,0.2144970414,0.13628,0.08
0.142,0,145,677,0.2141802068,0.13602,0.08
0.142,0,145,678,0.2138643068,0.13576,0.08
0.142,0,145,679,0.2135493373,0.13548,0.08
0.142,0,145,680,0.2132352941,0.1352,0.08
0.141,0,145,681,0.2129221733,0.1349,0.08
0.141,0,145,682,0.2126099707,0.13462,0.08
0.141,0,145,683,0.2122986823,0.13434,0.08
0.141,0,145,684,0.2119883041,0.13406,0.08
0.141,0,145,685,0.2116788321,0.13376,0.08
0.141,0,145,686,0.2113702624,0.13346,0.08
0.14,0,145,687,0.211062591,0.13314,0.08
0.14,0,145,688,0.210755814,0.13284,0.08
0.139,0,145,689,0.2104499274,0.13254,0.08
0.139,0,145,690,0.2101449275,0.13224,0.08
0.139,0,145,691,0.2098408104,0.13194,0.08
0.139,0,145,692,0.2095375723,0.13164,0.08
0.139,0,145,693,0.2092352092,0.13134,0.08
0.138,0,145,694,0.2089337176,0.13102,0.08
0.138,0,145,695,0.2086330935,0.13072,0.08
0.138,0,145,696,0.2083333333,0.13042,0.08
0.138,0,145,697,0.2080344333,0.1301,0.08
0.137,0,145,698,0.2077363897,0.12978,0.08
0.137,0,145,699,0.2074391989,0.12948,0.08
0.137,0,145,700,0.2071428571,0.12916,0.08
0.137,0,145,701,0.2068473609,0.12884,0.08
0.136,0,145,702,0.2065527066,0.1285,0.08
0.135,0,145,703,0.2062588905,0.12818,0.08
0.135,0,145,704,0.2059659091,0.12788,0.08
0.135,1,146,705,0.2070921986,0.12758,0.08
0.135,0,146,706,0.2067988669,0.12728,0.06
0.135,0,146,707,0.2065063649,0.12698,0.06
0.135,0,146,708,0.2062146893,0.12666,0.06
0.134,1,147,709,0.2073342736,0.12634,0.06
0.134,0,147,710,0.2070422535,0.12604,0.04
0.134,0,147,711,0.2067510549,0.12574,0.04
0.134,1,148,712,0.2078651685,0.12544,0.04
0.134,0,148,713,0.2075736325,0.12512,0.02
0.133,0,148,714,0.2072829132,0.1248,0.02
0.132,0,148,715,0.206993007,0.1245,0.02
0.132,0,148,716,0.2067039106,0.1242,0.02
0.132,0,148,717,0.2064156206,0.1239,0.02
0.131,0,148,718,0.2061281337,0.1236,0.02
0.131,0,148,719,0.2058414465,0.12332,0.02
0.13,0,148,720,0.2055555556,0.12304,0.04
0.13,0,148,721,0.2052704577,0.12276,0.04
0.129,0,148,722,0.2049861496,0.12248,0.06
0.129,1,149,723,0.2060857538,0.12222,0.06
0.129,0,149,724,0.205801105,0.12196,0.04
0.129,0,149,725,0.2055172414,0.1217,0.04
0.129,0,149,726,0.2052341598,0.12144,0.04
0.129,0,149,727,0.2049518569,0.12118,0.04
0.128,0,149,728,0.2046703297,0.12092,0.04
0.128,0,149,729,0.2043895748,0.12066,0.04
0.127,0,149,730,0.204109589,0.1204,0.04
0.127,0,149,731,0.2038303694,0.12016,0.04
0.127,0,149,732,0.2035519126,0.11992,0.04
0.127,0,149,733,0.2032742156,0.11968,0.04
0.126,0,149,734,0.2029972752,0.11942,0.04
0.126,0,149,735,0.2027210884,0.11918,0.04
0.125,0,149,736,0.2024456522,0.11894,0.04
0.125,0,149,737,0.2021709634,0.1187,0.04
0.125,0,149,738,0.201897019,0.11846,0.04
0.124,0,149,739,0.201623816,0.1182,0.04
0.124,0,149,740,0.2013513514,0.11796,0.04
0.124,0,149,741,0.2010796221,0.11772,0.04
0.124,0,149,742,0.2008086253,0.11748,0.04
0.123,0,149,743,0.200538358,0.11722,0.04
0.123,0,149,744,0.2002688172,0.11698,0.04
0.123,0,149,745,0.2,0.11674,0.04
0.122,0,149,746,0.1997319035,0.1165,0.04
0.122,0,149,747,0.1994645248,0.11626,0.04
0.122,0,149,748,0.199197861,0.11602,0.04
0.121,0,149,749,0.1989319092,0.11576,0.04
0.121,0,149,750,0.1986666667,0.11552,0.04
0.12,0,149,751,0.1984021305,0.11528,0.04
0.12,0,149,752,0.1981382979,0.11506,0.04
0.12,0,149,753,0.197875166,0.11482,0.04
0.12,0,149,754,0.1976127321,0.11458,0.04
0.12,0,149,755,0.1973509934,0.11434,0.04
0.12,0,149,756,0.1970899471,0.1141,0.04
0.119,0,149,757,0.1968295905,0.11386,0.04
0.119,0,149,758,0.1965699208,0.11364,0.04
0.119,0,149,759,0.1963109354,0.11342,0.06
0.119,0,149,760,0.1960526316,0.11318,0.06
0.119,0,149,761,0.1957950066,0.11294,0.06
0.118,0,149,762,0.1955380577,0.11268,0.08
0.118,0,149,763,0.1952817824,0.11244,0.08
0.118,0,149,764,0.195026178,0.11218,0.08
0.117,0,149,765,0.1947712418,0.11192,0.1
0.117,0,149,766,0.1945169713,0.11168,0.1
0.117,0,149,767,0.1942633638,0.11144,0.1
0.117,0,149,768,0.1940104167,0.11118,0.1
0.117,1,150,769,0.1950585176,0.11092,0.1
0.116,0,150,770,0.1948051948,0.11064,0.08
0.116,1,151,771,0.195849546,0.11038,0.08
0.116,0,151,772,0.1955958549,0.11012,0.06
0.116,0,151,773,0.1953428202,0.10984,0.06
0.116,0,151,774,0.1950904393,0.10956,0.06
0.116,0,151,775,0.1948387097,0.10928,0.06
0.116,0,151,776,0.1945876289,0.10898,0.06
0.116,0,151,777,0.1943371943,0.10868,0.06
0.115,0,151,778,0.1940874036,0.10838,0.06
0.115,0,151,779,0.1938382542,0.1081,0.06
0.115,0,151,780,0.1935897436,0.1078,0.06
0.115,0,151,781,0.1933418694,0.1075,0.06
0.115,0,151,782,0.1930946292,0.1072,0.06
0.114,0,151,783,0.1928480204,0.1069,0.06
0.114,0,151,784,0.1926020408,0.1066,0.06
0.114,0,151,785,0.1923566879,0.10628,0.06
0.113,0,151,786,0.1921119593,0.10596,0.06
0.113,0,151,787,0.1918678526,0.10566,0.06
0.112,0,151,788,0.1916243655,0.10536,0.06
0.112,0,151,789,0.1913814956,0.10508,0.06
0.112,0,151,790,0.1911392405,0.10478,0.06
0.112,0,151,791,0.190897598,0.10448,0.06
0.111,0,151,792,0.1906565657,0.10418,0.06
0.111,0,151,793,0.1904161412,0.1039,0.06
0.111,0,151,794,0.1901763224,0.10362,0.06
0.111,0,151,795,0.1899371069,0.10332,0.06
0.11,0,151,796,0.1896984925,0.10302,0.06
0.11,0,151,797,0.1894604768,0.10274,0.06
0.109,0,151,798,0.1892230576,0.10244,0.06
0.109,0,151,799,0.1889862328,0.10216,0.06
0.109,0,151,800,0.18875,0.10188,0.06
0.109,0,151,801,0.1885143571,0.1016,0.06
0.108,0,151,802,0.1882793017,0.10132,0.06
0.108,0,151,803,0.1880448319,0.10106,0.06
0.108,0,151,804,0.1878109453,0.1008,0.06
0.108,0,151,805,0.1875776398,0.10054,0.06
0.108,0,151,806,0.1873449132,0.10024,0.06
0.108,0,151,807,0.1871127633,0.09994,0.06
0.108,1,152,808,0.1881188119,0.09962,0.06
0.107,0,152,809,0.1878862794,0.0993,0.04
0.107,0,152,810,0.187654321,0.099,0.04
0.106,1,153,811,0.1886559803,0.09868,0.04
0.106,0,153,812,0.1884236453,0.09838,0.02
0.105,0,153,813,0.1881918819,0.09808,0.02
0.105,1,154,814,0.1891891892,0.0978,0.02
0.105,0,154,815,0.1889570552,0.09752,0
0.105,0,154,816,0.1887254902,0.09724,0
0.104,0,154,817,0.188494492,0.09694,0
0.104,0,154,818,0.1882640587,0.09666,0
0.103,0,154,819,0.188034188,0.09638,0
0.103,0,154,820,0.187804878,0.0961,0
0.103,0,154,821,0.1875761267,0.09582,0
0.102,0,154,822,0.1873479319,0.09552,0
0.102,0,154,823,0.1871202916,0.09524,0
0.102,0,154,824,0.1868932039,0.09496,0
0.101,0,154,825,0.1866666667,0.09468,0.02
0.101,0,154,826,0.186440678,0.09442,0.02
0.101,0,154,827,0.1862152358,0.09414,0.02
0.101,0,154,828,0.1859903382,0.09386,0.02
0.1,0,154,829,0.1857659831,0.09358,0.02
0.1,0,154,830,0.1855421687,0.09332,0.02
0.1,0,154,831,0.1853188929,0.09306,0.02
0.1,0,154,832,0.1850961538,0.0928,0.02
0.099,0,154,833,0.1848739496,0.09252,0.02
0.098,0,154,834,0.1846522782,0.09224,0.02
0.098,0,154,835,0.1844311377,0.09198,0.02
0.098,0,154,836,0.1842105263,0.09172,0.02
0.098,0,154,837,0.1839904421,0.09144,0.02
0.098,0,154,838,0.1837708831,0.09114,0.02
0.097,0,154,839,0.1835518474,0.09084,0.02
0.097,0,154,840,0.1833333333,0.09056,0.02
0.097,0,154,841,0.1831153389,0.09028,0.02
0.097,0,154,842,0.1828978622,0.08998,0.02
0.097,0,154,843,0.1826809015,0.08968,0.02
0.096,0,154,844,0.182464455,0.08938,0.02
0.096,0,154,845,0.1822485207,0.0891,0.02
0.096,0,154,846,0.1820330969,0.08882,0.02
0.095,0,154,847,0.1818181818,0.08854,0.02
0.095,0,154,848,0.1816037736,0.08826,0.02
0.095,0,154,849,0.1813898704,0.08798,0.02
0.095,0,154,850,0.1811764706,0.0877,0.02
0.095,0,154,851,0.1809635723,0.08742,0.02
0.095,0,154,852,0.1807511737,0.08712,0.02
0.095,0,154,853,0.1805392732,0.08682,0.02
0.095,0,154,854,0.1803278689,0.08652,0.04
0.093,0,154,855,0.1801169591,0.08622,0.04
0.093,0,154,856,0.1799065421,0.08596,0.04
0.092,0,154,857,0.1796966161,0.08568,0.04
0.092,0,154,858,0.1794871795,0.08542,0.04
0.092,0,154,859,0.1792782305,0.08516,0.04
0.091,0,154,860,0.1790697674,0.0849,0.04
0.091,0,154,861,0.1788617886,0.08464,0.04
0.091,0,154,862,0.1786542923,0.08438,0.04
0.091,0,154,863,0.1784472769,0.08412,0.04
0.091,0,154,864,0.1782407407,0.08386,0.06
0.091,0,154,865,0.1780346821,0.0836,0.06
0.09,0,154,866,0.1778290993,0.08332,0.06
0.09,0,154,867,0.1776239908,0.08306,0.06
0.09,0,154,868,0.1774193548,0.0828,0.06
0.089,0,154,869,0.1772151899,0.08254,0.06
0.089,0,154,870,0.1770114943,0.0823,0.06
0.088,0,154,871,0.1768082664,0.08206,0.06
0.088,0,154,872,0.1766055046,0.08182,0.06
0.088,0,154,873,0.1764032073,0.08158,0.06
0.088,1,155,874,0.1773455378,0.08132,0.06
0.088,0,155,875,0.1771428571,0.08106,0.04
0.087,0,155,876,0.1769406393,0.0808,0.04
0.087,0,155,877,0.1767388826,0.08056,0.04
0.087,0,155,878,0.1765375854,0.08032,0.04
0.087,0,155,879,0.1763367463,0.08008,0.04
0.087,0,155,880,0.1761363636,0.07984,0.06
0.087,0,155,881,0.1759364359,0.0796,0.06
0.086,0,155,882,0.1757369615,0.07934,0.06
0.085,0,155,883,0.1755379388,0.0791,0.06
0.085,0,155,884,0.1753393665,0.07888,0.06
0.085,0,155,885,0.1751412429,0.07866,0.06
0.084,0,155,886,0.1749435666,0.07842,0.06
0.083,0,155,887,0.174746336,0.0782,0.06
0.083,0,155,888,0.1745495495,0.078,0.06
0.083,0,155,889,0.1743532058,0.0778,0.06
0.083,0,155,890,0.1741573034,0.07758,0.06
0.082,0,155,891,0.1739618406,0.07736,0.06
0.082,0,155,892,0.1737668161,0.07716,0.06
0.082,0,155,893,0.1735722284,0.07694,0.06
0.082,0,155,894,0.1733780761,0.07672,0.06
0.082,0,155,895,0.1731843575,0.0765,0.06
0.082,0,155,896,0.1729910714,0.07628,0.06
0.081,0,155,897,0.1727982163,0.07606,0.06
0.081,0,155,898,0.1726057906,0.07584,0.06
0.081,0,155,899,0.1724137931,0.07562,0.06
0.081,0,155,900,0.1722222222,0.07538,0.06
0.08,0,155,901,0.1720310766,0.07514,0.06
0.08,0,155,902,0.1718403548,0.07492,0.06
0.08,1,156,903,0.1727574751,0.0747,0.06
0.08,0,156,904,0.1725663717,0.07448,0.04
0.08,0,156,905,0.1723756906,0.07424,0.04
0.079,0,156,906,0.1721854305,0.07398,0.04
0.079,0,156,907,0.1719955899,0.07374,0.04
0.079,0,156,908,0.1718061674,0.07348,0.04
0.079,0,156,909,0.1716171617,0.07322,0.04
0.078,0,156,910,0.1714285714,0.07294,0.04
0.078,0,156,911,0.1712403952,0.07268,0.04
0.078,0,156,912,0.1710526316,0.07242,0.04
0.078,1,157,913,0.1719605696,0.07214,0.04
0.078,0,157,914,0.1717724289,0.07186,0.02
0.077,0,157,915,0.1715846995,0.07158,0.02
0.077,0,157,916,0.1713973799,0.07132,0.02
0.077,0,157,917,0.1712104689,0.07106,0.02
0.077,0,157,918,0.1710239651,0.0708,0.02
0.077,0,157,919,0.1708378672,0.07052,0.02
0.077,0,157,920,0.1706521739,0.07022,0.02
0.076,0,157,921,0.1704668838,0.06992,0.02
0.076,0,157,922,0.1702819957,0.06964,0.02
0.075,0,157,923,0.1700975081,0.06934,0.02
0.075,0,157,924,0.1699134199,0.06906,0.02
0.075,0,157,925,0.1697297297,0.06878,0.02
0.075,0,157,926,0.1695464363,0.0685,0.02
0.075,0,157,927,0.1693635383,0.0682,0.02
0.075,0,157,928,0.1691810345,0.0679,0.02
0.075,1,158,929,0.1700753498,0.0676,0.02
0.075,0,158,930,0.1698924731,0.0673,0
0.074,0,158,931,0.1697099893,0.06698,0
0.074,0,158,932,0.169527897,0.06668,0
0.074,0,158,933,0.1693461951,0.06638,0
0.074,0,158,934,0.1691648822,0.06606,0
0.073,0,158,935,0.1689839572,0.06574,0
0.073,0,158,936,0.1688034188,0.06544,0
0.073,0,158,937,0.1686232657,0.06514,0
0.073,0,158,938,0.1684434968,0.06484,0.02
0.072,0,158,939,0.1682641108,0.06452,0.02
0.072,0,158,940,0.1680851064,0.06422,0.02
0.072,0,158,941,0.1679064825,0.06392,0.02
0.071,0,158,942,0.1677282378,0.0636,0.02
0.071,0,158,943,0.1675503712,0.0633,0.02
0.071,0,158,944,0.1673728814,0.063,0.02
0.071,0,158,945,0.1671957672,0.06268,0.02
0.071,0,158,946,0.1670190275,0.06234,0.02
0.07,0,158,947,0.166842661,0.062,0.02
0.07,0,158,948,0.1666666667,0.06168,0.02
0.069,0,158,949,0.1664910432,0.06136,0.02
0.069,0,158,950,0.1663157895,0.06106,0.02
0.069,0,158,951,0.1661409043,0.06076,0.02
0.069,0,158,952,0.1659663866,0.06046,0.02
0.069,0,158,953,0.165792235,0.06014,0.02
0.068,0,158,954,0.1656184486,0.05982,0.02
0.067,0,158,955,0.1654450262,0.05952,0.02
0.067,0,158,956,0.1652719665,0.05924,0.02
0.066,0,158,957,0.1650992685,0.05896,0.02
0.066,0,158,958,0.1649269311,0.05868,0.02
0.065,0,158,959,0.1647549531,0.0584,0.02
0.065,0,158,960,0.1645833333,0.05814,0.02
0.065,0,158,961,0.1644120708,0.05786,0.02
0.064,0,158,962,0.1642411642,0.05758,0.02
0.064,0,158,963,0.1640706127,0.05732,0.02
0.064,0,158,964,0.1639004149,0.05706,0.02
0.064,0,158,965,0.1637305699,0.05678,0.02
0.064,0,158,966,0.1635610766,0.0565,0.02
0.064,0,158,967,0.1633919338,0.05622,0.02
0.063,0,158,968,0.1632231405,0.05594,0.02
0.062,0,158,969,0.1630546956,0.05568,0.02
0.062,0,158,970,0.1628865979,0.05544,0.02
0.062,0,158,971,0.1627188465,0.05518,0.02
0.061,0,158,972,0.1625514403,0.05492,0.02
0.061,0,158,973,0.1623843782,0.05468,0.02
0.061,0,158,974,0.1622176591,0.05444,0.02
0.061,0,158,975,0.1620512821,0.0542,0.02
0.06,0,158,976,0.1618852459,0.05396,0.02
0.06,0,158,977,0.1617195496,0.05372,0.02
0.06,0,158,978,0.1615541922,0.05348,0.02
0.06,0,158,979,0.1613891726,0.05324,0.02
0.059,0,158,980,0.1612244898,0.05298,0.02
0.059,0,158,981,0.1610601427,0.05274,0.02
0.059,0,158,982,0.1608961303,0.0525,0.02
0.058,0,158,983,0.1607324517,0.05224,0.02
0.058,0,158,984,0.1605691057,0.052,0.02
0.058,0,158,985,0.1604060914,0.05176,0.02
0.058,0,158,986,0.1602434077,0.0515,0.02
0.058,1,159,987,0.1610942249,0.05124,0.02
0.057,0,159,988,0.1609311741,0.05098,0
0.057,0,159,989,0.160768453,0.05072,0
0.057,0,159,990,0.1606060606,0.05046,0
0.056,0,159,991,0.160443996,0.0502,0
0.056,0,159,992,0.1602822581,0.04996,0
0.056,0,159,993,0.1601208459,0.04972,0
0.055,0,159,994,0.1599597586,0.04946,0
0.054,0,159,995,0.159798995,0.04922,0
0.054,0,159,996,0.1596385542,0.049,0
0.054,0,159,997,0.1594784353,0.04876,0
0.054,0,159,998,0.1593186373,0.04852,0
0.054,0,159,999,0.1591591592,0.04828,0
0.054,0,159,1000,0.159,0.04804,0
0.054,0,159,1001,0.1588411588,0.0478,0
0.053,0,159,1002,0.1586826347,0.04756,0
0.053,0,159,1003,0.1585244267,0.04734,0
0.053,0,159,1004,0.1583665339,0.0471,0
0.053,0,159,1005,0.1582089552,0.04686,0
0.053,0,159,1006,0.1580516899,0.04662,0
0.052,0,159,1007,0.1578947368,0.04636,0
0.052,0,159,1008,0.1577380952,0.04612,0
0.052,0,159,1009,0.1575817641,0.04588,0
0.051,0,159,1010,0.1574257426,0.04562,0
0.051,0,159,1011,0.1572700297,0.04538,0
0.051,0,159,1012,0.1571146245,0.04512,0
0.051,0,159,1013,0.1569595262,0.04486,0
0.05,0,159,1014,0.1568047337,0.0446,0
0.05,0,159,1015,0.1566502463,0.04434,0
0.05,0,159,1016,0.156496063,0.04408,0
0.05,0,159,1017,0.1563421829,0.04382,0
0.05,0,159,1018,0.1561886051,0.04356,0
0.05,0,159,1019,0.1560353288,0.04328,0
0.049,0,159,1020,0.1558823529,0.043,0
0.049,0,159,1021,0.1557296768,0.04274,0
0.049,0,159,1022,0.1555772994,0.04248,0
0.049,0,159,1023,0.1554252199,0.04222,0
0.049,0,159,1024,0.1552734375,0.04196,0
0.049,0,159,1025,0.1551219512,0.04168,0
0.048,0,159,1026,0.1549707602,0.0414,0
0.048,0,159,1027,0.1548198637,0.04114,0
0.048,0,159,1028,0.1546692607,0.04088,0
0.047,0,159,1029,0.1545189504,0.04062,0
0.047,0,159,1030,0.154368932,0.04036,0
0.047,0,159,1031,0.1542192047,0.0401,0
0.046,0,159,1032,0.1540697674,0.03984,0
0.046,0,159,1033,0.1539206196,0.03958,0
0.046,0,159,1034,0.1537717602,0.03932,0
0.045,0,159,1035,0.1536231884,0.03904,0
0.045,0,159,1036,0.1534749035,0.03878,0
0.045,0,159,1037,0.1533269045,0.0385,0
0.044,0,159,1038,0.1531791908,0.0382,0
0.044,0,159,1039,0.1530317613,0.03792,0
0.044,0,159,1040,0.1528846154,0.03764,0
0.044,0,159,1041,0.1527377522,0.03736,0
0.044,0,159,1042,0.1525911708,0.03706,0
0.043,0,159,1043,0.1524448706,0.03676,0
0.043,0,159,1044,0.1522988506,0.03648,0
0.043,0,159,1045,0.15215311,0.03618,0
0.042,0,159,1046,0.1520076482,0.03588,0
0.042,0,159,1047,0.1518624642,0.0356,0
0.042,0,159,1048,0.1517175573,0.03532,0
0.042,0,159,1049,0.1515729266,0.03504,0
0.042,0,159,1050,0.1514285714,0.03474,0
0.042,0,159,1051,0.151284491,0.03444,0
0.042,0,159,1052,0.1511406844,0.03414,0
0.041,0,159,1053,0.150997151,0.03382,0
0.041,0,159,1054,0.1508538899,0.03352,0
0.041,0,159,1055,0.1507109005,0.03322,0
0.04,0,159,1056,0.1505681818,0.03292,0
0.04,0,159,1057,0.1504257332,0.03264,0
0.04,0,159,1058,0.1502835539,0.03234,0
0.039,0,159,1059,0.1501416431,0.03204,0
0.039,0,159,1060,0.15,0.03176,0
0.038,0,159,1061,0.1498586239,0.03148,0
0.038,0,159,1062,0.1497175141,0.03122,0
0.038,0,159,1063,0.1495766698,0.03096,0
0.037,0,159,1064,0.1494360902,0.0307,0
0.037,0,159,1065,0.1492957746,0.03046,0
0.037,0,159,1066,0.1491557223,0.0302,0
0.037,0,159,1067,0.1490159325,0.02994,0
0.036,0,159,1068,0.1488764045,0.02968,0
0.036,0,159,1069,0.1487371375,0.02944,0
0.036,0,159,1070,0.1485981308,0.0292,0
0.036,0,159,1071,0.1484593838,0.02896,0
0.036,0,159,1072,0.1483208955,0.0287,0
0.036,0,159,1073,0.1481826654,0.02842,0
0.035,0,159,1074,0.1480446927,0.02814,0
0.035,0,159,1075,0.1479069767,0.02788,0
0.035,0,159,1076,0.1477695167,0.02762,0
0.035,0,159,1077,0.147632312,0.02736,0
0.035,0,159,1078,0.1474953618,0.02708,0
0.034,0,159,1079,0.1473586654,0.0268,0
0.034,0,159,1080,0.1472222222,0.02654,0
0.034,0,159,1081,0.1470860315,0.02628,0
0.033,0,159,1082,0.1469500924,0.02602,0
0.033,0,159,1083,0.1468144044,0.02578,0
0.032,0,159,1084,0.1466789668,0.02554,0
0.032,0,159,1085,0.1465437788,0.02532,0
0.031,0,159,1086,0.1464088398,0.0251,0
0.03,0,159,1087,0.146274149,0.0249,0
0.03,0,159,1088,0.1461397059,0.02472,0
0.03,0,159,1089,0.1460055096,0.02454,0
0.03,0,159,1090,0.1458715596,0.02434,0
0.029,0,159,1091,0.1457378552,0.02414,0
0.029,0,159,1092,0.1456043956,0.02396,0
0.029,0,159,1093,0.1454711802,0.02378,0
0.028,0,159,1094,0.1453382084,0.0236,0
0.028,0,159,1095,0.1452054795,0.02344,0
0.028,0,159,1096,0.1450729927,0.02328,0
0.028,0,159,1097,0.1449407475,0.02312,0
0.028,0,159,1098,0.1448087432,0.02296,0
0.027,0,159,1099,0.1446769791,0.02278,0
0.027,0,159,1100,0.1445454545,0.02262,0
0.027,0,159,1101,0.1444141689,0.02246,0
0.026,0,159,1102,0.1442831216,0.0223,0
0.026,0,159,1103,0.1441523119,0.02216,0
0.026,0,159,1104,0.1440217391,0.022,0
0.026,0,159,1105,0.1438914027,0.02184,0
0.026,0,159,1106,0.143761302,0.02168,0
0.025,0,159,1107,0.1436314363,0.02152,0
0.025,0,159,1108,0.1435018051,0.02136,0
0.025,0,159,1109,0.1433724076,0.0212,0
0.025,0,159,1110,0.1432432432,0.02104,0
0.025,0,159,1111,0.1431143114,0.02088,0
0.025,0,159,1112,0.1429856115,0.02072,0
0.025,0,159,1113,0.1428571429,0.02056,0
0.025,0,159,1114,0.1427289048,0.0204,0
0.024,0,159,1115,0.1426008969,0.02024,0
0.024,0,159,1116,0.1424731183,0.0201,0
0.024,0,159,1117,0.1423455685,0.01994,0
0.024,0,159,1118,0.1422182469,0.01978,0
0.024,0,159,1119,0.1420911528,0.01962,0
0.024,0,159,1120,0.1419642857,0.01946,0
0.023,0,159,1121,0.141837645,0.01928,0
0.022,0,159,1122,0.1417112299,0.01912,0
0.022,0,159,1123,0.1415850401,0.01898,0
0.022,0,159,1124,0.1414590747,0.01884,0
0.022,0,159,1125,0.1413333333,0.0187,0
0.022,0,159,1126,0.1412078153,0.01856,0
0.021,0,159,1127,0.14108252,0.01842,0
0.021,0,159,1128,0.1409574468,0.0183,0
0.021,0,159,1129,0.1408325952,0.01818,0
0.021,0,159,1130,0.1407079646,0.01804,0
0.021,0,159,1131,0.1405835544,0.0179,0
0.021,0,159,1132,0.140459364,0.01776,0
0.021,0,159,1133,0.1403353928,0.01762,0
0.021,0,159,1134,0.1402116402,0.01748,0
0.021,0,159,1135,0.1400881057,0.01732,0
0.021,0,159,1136,0.1399647887,0.01716,0
0.021,0,159,1137,0.1398416887,0.017,0
0.021,0,159,1138,0.1397188049,0.01684,0
0.02,0,159,1139,0.139596137,0.01668,0
0.02,0,159,1140,0.1394736842,0.01652,0
0.02,0,159,1141,0.1393514461,0.01636,0
0.02,0,159,1142,0.1392294221,0.0162,0
0.02,0,159,1143,0.1391076115,0.01604,0
0.02,0,159,1144,0.138986014,0.01588,0
0.02,0,159,1145,0.1388646288,0.01572,0
0.02,0,159,1146,0.1387434555,0.01556,0
0.02,0,159,1147,0.1386224935,0.0154,0
0.019,0,159,1148,0.1385017422,0.01522,0
0.019,0,159,1149,0.138381201,0.01506,0
0.019,0,159,1150,0.1382608696,0.0149,0
0.019,0,159,1151,0.1381407472,0.01474,0
0.019,0,159,1152,0.1380208333,0.01458,0
0.018,0,159,1153,0.1379011275,0.01442,0
0.018,0,159,1154,0.1377816291,0.01426,0
0.018,0,159,1155,0.1376623377,0.0141,0
0.018,0,159,1156,0.1375432526,0.01394,0
0.017,0,159,1157,0.1374243734,0.01376,0
0.017,0,159,1158,0.1373056995,0.0136,0
0.017,0,159,1159,0.1371872304,0.01342,0
0.017,0,159,1160,0.1370689655,0.01324,0
0.017,0,159,1161,0.1369509044,0.01304,0
0.017,0,159,1162,0.1368330465,0.01284,0
0.017,0,159,1163,0.1367153912,0.01262,0
0.017,0,159,1164,0.1365979381,0.0124,0
0.017,0,159,1165,0.1364806867,0.01218,0
0.016,0,159,1166,0.1363636364,0.01192,0
0.016,0,159,1167,0.1362467866,0.0118367347,0
0.016,0,159,1168,0.136130137,0.01175,0
0.016,0,159,1169,0.1360136869,0.0116595745,0
0.015,0,159,1170,0.1358974359,0.0115652174,0
0.015,0,159,1171,0.1357813834,0.0114888889,0
0.015,0,159,1172,0.135665529,0.0114090909,0
0.015,0,159,1173,0.1355498721,0.0113255814,0
0.015,0,159,1174,0.1354344123,0.0112380952,0
0.015,0,159,1175,0.1353191489,0.0111463415,0
0.015,0,159,1176,0.1352040816,0.01105,0
0.015,0,159,1177,0.1350892099,0.0109487179,0
0.015,0,159,1178,0.1349745331,0.0108421053,0
0.014,0,159,1179,0.1348600509,0.0107297297,0
0.014,0,159,1180,0.1347457627,0.0106388889,0
0.014,0,159,1181,0.1346316681,0.0105428571,0
0.014,0,159,1182,0.1345177665,0.0104411765,0
0.014,0,159,1183,0.1344040575,0.0103333333,0
0.013,0,159,1184,0.1342905405,0.01021875,0
0.013,0,159,1185,0.1341772152,0.0101290323,0
0.013,0,159,1186,0.1340640809,0.0100333333,0
0.013,0,159,1187,0.1339511373,0.0099310345,0
0.013,0,159,1188,0.1338383838,0.0098214286,0
0.012,0,159,1189,0.13372582,0.0097037037,0
0.012,0,159,1190,0.1336134454,0.0096153846,0
0.012,0,159,1191,0.1335012594,0.00952,0
0.012,0,159,1192,0.1333892617,0.0094166667,0
0.012,0,159,1193,0.1332774518,0.0093043478,0
0.012,0,159,1194,0.1331658291,0.0091818182,0
0.012,0,159,1195,0.1330543933,0.009047619,0
0.012,0,159,1196,0.1329431438,0.0089,0
0.011,0,159,1197,0.1328320802,0.0087368421,0
0.011,0,159,1198,0.132721202,0.0086111111,0
0.011,0,159,1199,0.1326105088,0.0084705882,0
0.011,0,159,1200,0.1325,0.0083125,0
0.011,0,159,1201,0.1323896753,0.0081333333,0
0.011,0,159,1202,0.1322795341,0.0079285714,0
0.01,0,159,1203,0.1321695761,0.0076923077,0
0.01,0,159,1204,0.1320598007,0.0075,0
0.01,0,159,1205,0.1319502075,0.0072727273,0
0.009,0,159,1206,0.131840796,0.007,0
0.009,0,159,1207,0.1317315659,0.0067777778,0
0.008,0,159,1208,0.1316225166,0.0065,0
0.008,0,159,1209,0.1315136476,0.0062857143,0
0.007,0,159,1210,0.1314049587,0.006,0
0.007,0,159,1211,0.1312964492,0.0058,0
0.006,0,159,1212,0.1311881188,0.0055,0
0.006,0,159,1213,0.131079967,0.0053333333,0
0.006,0,159,1214,0.1309719934,0.005,0
0.004,0,159,1215,0.1308641975,0.004,0
